{"cameraMode":{"drawMode":0,"name":"Shaded","section":"Shading Mode"},"sceneLighting":true,"audioPlay":false,"sceneViewState":{"m_AlwaysRefresh":false,"showFog":true,"showSkybox":true,"showFlares":true,"showImageEffects":true,"showParticleSystems":true,"showVisualEffectGraphs":true,"m_FxEnabled":true},"in2DMode":false,"pivot":{"x":-9.671489715576172,"y":8.076115608215332,"z":13.027260780334473},"rotation":{"x":0.18670900166034699,"y":0.7026370167732239,"z":-0.19969919323921204,"w":0.6569429636001587},"size":21.133766174316408,"orthographic":false}